{
  "race_bias": {
    "race_distribution": {
      "White": 0.49398090493980906,
      "Black": 0.16811955168119552,
      "Indian": 0.0356994603569946,
      "East Asian": 0.13449564134495642,
      "Southeast Asian": 0.0,
      "Middle Eastern": 0.0967206309672063,
      "Latino": 0.07098381070983811
    },
    "statistical_parity_differences": {
      "White_vs_Black": -0.012038190120381875,
      "White_vs_Indian": -0.012038190120381875,
      "White_vs_East Asian": -0.012038190120381875,
      "White_vs_Southeast Asian": -0.012038190120381875,
      "White_vs_Middle Eastern": -0.012038190120381875,
      "White_vs_Latino": -0.012038190120381875,
      "Black_vs_Indian": -0.663760896637609,
      "Black_vs_East Asian": -0.663760896637609,
      "Black_vs_Southeast Asian": -0.663760896637609,
      "Black_vs_Middle Eastern": -0.663760896637609,
      "Black_vs_Latino": -0.663760896637609,
      "Indian_vs_East Asian": -0.9286010792860109,
      "Indian_vs_Southeast Asian": -0.9286010792860109,
      "Indian_vs_Middle Eastern": -0.9286010792860109,
      "Indian_vs_Latino": -0.9286010792860109,
      "East Asian_vs_Southeast Asian": -0.7310087173100872,
      "East Asian_vs_Middle Eastern": -0.7310087173100872,
      "East Asian_vs_Latino": -0.7310087173100872,
      "Southeast Asian_vs_Middle Eastern": -1.0,
      "Southeast Asian_vs_Latino": -1.0,
      "Middle Eastern_vs_Latino": -0.8065587380655874
    },
    "bias_amplification_score": 0.0,
    "real_world_distribution": {
      "White (Non-Hispanic)": 0.58,
      "Hispanic or Latino": 0.19,
      "Black (Non-Hispanic)": 0.12,
      "Asian (Non-Hispanic)": 0.06,
      "Two or More Races (Non-Hispanic)": 0.03,
      "Other/Small Groups (Non-Hispanic)": 0.02
    },
    "total_samples": 2409
  },
  "gender_bias": {
    "gender_distribution": {
      "Male": 0.9115815691158157,
      "Female": 0.08841843088418432
    },
    "statistical_parity_difference": 0.8231631382316313,
    "bias_amplification_score": 0.8231631382316313,
    "real_world_distribution": {
      "Male": 0.5,
      "Female": 0.5
    },
    "total_samples": 2409
  },
  "age_bias": {
    "age_distribution": {
      "0-2": 0.0,
      "3-9": 0.0,
      "10-19": 0.0008302200083022001,
      "20-29": 0.5616438356164384,
      "30-39": 0.41427978414279787,
      "40-49": 0.019925280199252802,
      "50-59": 0.0033208800332088003,
      "60-69": 0.0,
      "70+": 0.0
    },
    "bias_amplification_score": 0.0,
    "real_world_distribution": {
      "0-19": 0.24,
      "20-39": 0.27,
      "40-59": 0.26,
      "60+": 0.23
    },
    "total_samples": 2409
  },
  "intersectional_bias": {
    "intersectional_groups": {
      "Black_Male_20-29": 262,
      "Latino_Male_20-29": 125,
      "Middle Eastern_Male_20-29": 115,
      "White_Female_30-39": 46,
      "White_Male_30-39": 553,
      "White_Female_20-29": 73,
      "East Asian_Male_20-29": 172,
      "Indian_Male_20-29": 69,
      "White_Male_20-29": 489,
      "Indian_Male_30-39": 17,
      "East Asian_Female_30-39": 26,
      "East Asian_Female_20-29": 26,
      "Latino_Female_30-39": 12,
      "Middle Eastern_Male_30-39": 106,
      "Black_Male_30-39": 127,
      "East Asian_Male_30-39": 86,
      "White_Male_40-49": 26,
      "Latino_Female_20-29": 13,
      "Latino_Male_30-39": 17,
      "Middle Eastern_Male_40-49": 6,
      "Black_Male_40-49": 5,
      "Latino_Male_50-59": 2,
      "East Asian_Male_40-49": 9,
      "East Asian_Male_50-59": 5,
      "White_Male_50-59": 1,
      "White_Male_10-19": 2,
      "Latino_Male_40-49": 2,
      "Black_Female_30-39": 3,
      "Middle Eastern_Female_30-39": 5,
      "Black_Female_20-29": 8,
      "Middle Eastern_Female_20-29": 1
    },
    "intersectional_rates": {
      "Black_Male_20-29": 0.1087588210875882,
      "Latino_Male_20-29": 0.05188875051888751,
      "Middle Eastern_Male_20-29": 0.047737650477376506,
      "White_Female_30-39": 0.019095060190950603,
      "White_Male_30-39": 0.22955583229555832,
      "White_Female_20-29": 0.030303030303030304,
      "East Asian_Male_20-29": 0.0713989207139892,
      "Indian_Male_20-29": 0.028642590286425903,
      "White_Male_20-29": 0.20298879202988793,
      "Indian_Male_30-39": 0.007056870070568701,
      "East Asian_Female_30-39": 0.010792860107928601,
      "East Asian_Female_20-29": 0.010792860107928601,
      "Latino_Female_30-39": 0.0049813200498132005,
      "Middle Eastern_Male_30-39": 0.044001660440016604,
      "Black_Male_30-39": 0.052718970527189705,
      "East Asian_Male_30-39": 0.0356994603569946,
      "White_Male_40-49": 0.010792860107928601,
      "Latino_Female_20-29": 0.005396430053964301,
      "Latino_Male_30-39": 0.007056870070568701,
      "Middle Eastern_Male_40-49": 0.0024906600249066002,
      "Black_Male_40-49": 0.0020755500207555004,
      "Latino_Male_50-59": 0.0008302200083022001,
      "East Asian_Male_40-49": 0.0037359900373599006,
      "East Asian_Male_50-59": 0.0020755500207555004,
      "White_Male_50-59": 0.00041511000415110004,
      "White_Male_10-19": 0.0008302200083022001,
      "Latino_Male_40-49": 0.0008302200083022001,
      "Black_Female_30-39": 0.0012453300124533001,
      "Middle Eastern_Female_30-39": 0.0020755500207555004,
      "Black_Female_20-29": 0.0033208800332088003,
      "Middle Eastern_Female_20-29": 0.00041511000415110004
    },
    "total_samples": 2409
  },
  "overall_bias_score": 0.27438771274387713,
  "metadata": {
    "analysis_time": 0.004877328872680664,
    "num_samples": 2409,
    "timestamp": "2025-11-17 13:56:33",
    "model_name": "black-forest-labs/FLUX.1-dev"
  }
}