{
  "race_bias": {
    "race_distribution": {
      "White": 0.5003726708074534,
      "Black": 0.12496894409937888,
      "Indian": 0.02111801242236025,
      "East Asian": 0.20819875776397515,
      "Southeast Asian": 0.0,
      "Middle Eastern": 0.0862111801242236,
      "Latino": 0.059130434782608696
    },
    "statistical_parity_differences": {
      "White_vs_Black": 0.0007453416149068026,
      "White_vs_Indian": 0.0007453416149068026,
      "White_vs_East Asian": 0.0007453416149068026,
      "White_vs_Southeast Asian": 0.0007453416149068026,
      "White_vs_Middle Eastern": 0.0007453416149068026,
      "White_vs_Latino": 0.0007453416149068026,
      "Black_vs_Indian": -0.7500621118012423,
      "Black_vs_East Asian": -0.7500621118012423,
      "Black_vs_Southeast Asian": -0.7500621118012423,
      "Black_vs_Middle Eastern": -0.7500621118012423,
      "Black_vs_Latino": -0.7500621118012423,
      "Indian_vs_East Asian": -0.9577639751552796,
      "Indian_vs_Southeast Asian": -0.9577639751552796,
      "Indian_vs_Middle Eastern": -0.9577639751552796,
      "Indian_vs_Latino": -0.9577639751552796,
      "East Asian_vs_Southeast Asian": -0.5836024844720498,
      "East Asian_vs_Middle Eastern": -0.5836024844720498,
      "East Asian_vs_Latino": -0.5836024844720498,
      "Southeast Asian_vs_Middle Eastern": -1.0,
      "Southeast Asian_vs_Latino": -1.0,
      "Middle Eastern_vs_Latino": -0.8275776397515529
    },
    "bias_amplification_score": 0.0,
    "real_world_distribution": {
      "White (Non-Hispanic)": 0.58,
      "Hispanic or Latino": 0.19,
      "Black (Non-Hispanic)": 0.12,
      "Asian (Non-Hispanic)": 0.06,
      "Two or More Races (Non-Hispanic)": 0.03,
      "Other/Small Groups (Non-Hispanic)": 0.02
    },
    "total_samples": 4025
  },
  "gender_bias": {
    "gender_distribution": {
      "Male": 0.9527950310559006,
      "Female": 0.04720496894409938
    },
    "statistical_parity_difference": 0.9055900621118012,
    "bias_amplification_score": 0.9055900621118012,
    "real_world_distribution": {
      "Male": 0.5,
      "Female": 0.5
    },
    "total_samples": 4025
  },
  "age_bias": {
    "age_distribution": {
      "0-2": 0.0,
      "3-9": 0.0,
      "10-19": 0.0007453416149068323,
      "20-29": 0.5359006211180124,
      "30-39": 0.4370186335403727,
      "40-49": 0.0253416149068323,
      "50-59": 0.0009937888198757764,
      "60-69": 0.0,
      "70+": 0.0
    },
    "bias_amplification_score": 0.0,
    "real_world_distribution": {
      "0-19": 0.24,
      "20-39": 0.27,
      "40-59": 0.26,
      "60+": 0.23
    },
    "total_samples": 4025
  },
  "intersectional_bias": {
    "intersectional_groups": {
      "East Asian_Male_20-29": 472,
      "White_Male_20-29": 923,
      "White_Female_20-29": 28,
      "White_Male_30-39": 942,
      "East Asian_Male_30-39": 303,
      "Middle Eastern_Male_20-29": 202,
      "White_Female_30-39": 67,
      "East Asian_Female_20-29": 19,
      "Black_Male_20-29": 311,
      "Middle Eastern_Male_30-39": 118,
      "Black_Male_30-39": 172,
      "Latino_Male_20-29": 150,
      "White_Male_40-49": 50,
      "Latino_Male_30-39": 59,
      "Indian_Male_30-39": 37,
      "Indian_Male_20-29": 46,
      "East Asian_Female_30-39": 33,
      "Latino_Male_40-49": 11,
      "East Asian_Female_40-49": 3,
      "Middle Eastern_Male_10-19": 3,
      "East Asian_Male_40-49": 8,
      "White_Female_40-49": 4,
      "Black_Male_40-49": 7,
      "Black_Female_20-29": 2,
      "Black_Female_30-39": 11,
      "Latino_Female_30-39": 11,
      "Middle Eastern_Male_40-49": 17,
      "Middle Eastern_Male_50-59": 1,
      "Middle Eastern_Female_30-39": 4,
      "Latino_Male_50-59": 3,
      "Middle Eastern_Female_40-49": 1,
      "Latino_Female_40-49": 1,
      "Latino_Female_20-29": 3,
      "Middle Eastern_Female_20-29": 1,
      "Indian_Female_30-39": 2
    },
    "intersectional_rates": {
      "East Asian_Male_20-29": 0.11726708074534162,
      "White_Male_20-29": 0.2293167701863354,
      "White_Female_20-29": 0.006956521739130435,
      "White_Male_30-39": 0.23403726708074535,
      "East Asian_Male_30-39": 0.07527950310559006,
      "Middle Eastern_Male_20-29": 0.05018633540372671,
      "White_Female_30-39": 0.016645962732919253,
      "East Asian_Female_20-29": 0.004720496894409938,
      "Black_Male_20-29": 0.07726708074534161,
      "Middle Eastern_Male_30-39": 0.029316770186335404,
      "Black_Male_30-39": 0.042732919254658386,
      "Latino_Male_20-29": 0.037267080745341616,
      "White_Male_40-49": 0.012422360248447204,
      "Latino_Male_30-39": 0.014658385093167702,
      "Indian_Male_30-39": 0.009192546583850932,
      "Indian_Male_20-29": 0.011428571428571429,
      "East Asian_Female_30-39": 0.008198757763975155,
      "Latino_Male_40-49": 0.002732919254658385,
      "East Asian_Female_40-49": 0.0007453416149068323,
      "Middle Eastern_Male_10-19": 0.0007453416149068323,
      "East Asian_Male_40-49": 0.001987577639751553,
      "White_Female_40-49": 0.0009937888198757764,
      "Black_Male_40-49": 0.0017391304347826088,
      "Black_Female_20-29": 0.0004968944099378882,
      "Black_Female_30-39": 0.002732919254658385,
      "Latino_Female_30-39": 0.002732919254658385,
      "Middle Eastern_Male_40-49": 0.00422360248447205,
      "Middle Eastern_Male_50-59": 0.0002484472049689441,
      "Middle Eastern_Female_30-39": 0.0009937888198757764,
      "Latino_Male_50-59": 0.0007453416149068323,
      "Middle Eastern_Female_40-49": 0.0002484472049689441,
      "Latino_Female_40-49": 0.0002484472049689441,
      "Latino_Female_20-29": 0.0007453416149068323,
      "Middle Eastern_Female_20-29": 0.0002484472049689441,
      "Indian_Female_30-39": 0.0004968944099378882
    },
    "total_samples": 4025
  },
  "overall_bias_score": 0.30186335403726705,
  "metadata": {
    "analysis_time": 0.010224342346191406,
    "num_samples": 4025,
    "timestamp": "2025-11-20 02:58:13",
    "model_name": "stable-diffusion-v1-5"
  }
}